request_id,amount_safe_to_pay,affordability_status,recommended_payment_method,payment_plan,earliest_date_for_full_payment,spending_changes_needed,decision_explanation
request_26,15656000,affordable_now,full_payment,2025-08-03:15656000,2025-08-03,none,Pay IDR 15656000 today. The 90-day forecast remains above the IDR 24768300 minimum balance. Projected minimum balance: IDR 41100280.82.
request_27,6670,affordable_now,full_payment,2026-07-05:6670,2026-07-05,none,Pay ZAR 6670 today. The 90-day forecast remains above the ZAR 20500 minimum balance. Projected minimum balance: ZAR 55336.47.
request_28,425.26,affordable_later,wait,2024-07-15:1302.4,2024-07-15,none,Wait until 2024-07-15 and then pay EUR 1302.4 in full. Paying earlier would put the EUR 1100 minimum balance at risk.
request_29,26204.55,not_affordable,not_recommended,none,,none,Do not proceed by the requested deadline. No eligible payment option keeps the ZAR 28300 minimum balance protected.
request_30,775.2,affordable_with_plan,installments,2026-04-06:268.74|2026-05-06:268.74|2026-06-05:268.74,2026-04-06,none,Use 3 installments of USD 268.74 starting 2026-04-06. The verified schedule keeps the USD 900 minimum protected. Financing cost is USD 31.02. Projected minimum balance: USD 1193.45.
request_31,5907921.93,affordable_later,wait,2024-10-15:18164000,2024-10-15,none,Wait until 2024-10-15 and then pay IDR 18164000 in full. Paying earlier would put the IDR 16588900 minimum balance at risk.
request_32,0,not_affordable,not_recommended,none,,none,Do not proceed by the requested deadline. No eligible payment option keeps the ZAR 35700 minimum balance protected.
request_33,45129.16,affordable_later,wait,2026-01-15:118000,2026-01-15,none,Wait until 2026-01-15 and then pay INR 118000 in full. Paying earlier would put the INR 102100 minimum balance at risk.
request_34,129400,affordable_now,full_payment,2024-12-04:129400,2024-12-04,none,Pay INR 129400 today. The 90-day forecast remains above the INR 138500 minimum balance. Projected minimum balance: INR 198350.71.
request_35,56140.39,affordable_later,wait,2025-12-15:212000,2025-12-15,none,Wait until 2025-12-15 and then pay INR 212000 in full. Paying earlier would put the INR 106400 minimum balance at risk.
request_36,746.81,affordable_later,wait,2026-09-15:3954,2026-09-15,none,Wait until 2026-09-15 and then pay USD 3954 in full. Paying earlier would put the USD 2400 minimum balance at risk.
request_37,6737130.82,affordable_later,wait,2024-03-15:14649000,2024-03-15,none,Wait until 2024-03-15 and then pay IDR 14649000 in full. Paying earlier would put the IDR 17056200 minimum balance at risk.
request_38,214.75,affordable_later,wait,2025-09-15:971.3,2025-09-15,none,Wait until 2025-09-15 and then pay EUR 971.3 in full. Paying earlier would put the EUR 400 minimum balance at risk.
request_39,82378.32,affordable_later,wait,2026-05-15:208600,2026-05-15,none,Wait until 2026-05-15 and then pay INR 208600 in full. Paying earlier would put the INR 213400 minimum balance at risk.
request_40,0,not_affordable,not_recommended,none,,none,Do not proceed by the requested deadline. No eligible payment option keeps the EUR 1500 minimum balance protected.
request_41,13105801.90,affordable_later,wait,2025-12-15:38760000,2025-12-15,none,Wait until 2025-12-15 and then pay IDR 38760000 in full. Paying earlier would put the IDR 25366600 minimum balance at risk.
request_42,52100,affordable_now,full_payment,2026-01-05:52100,2026-01-05,none,Pay INR 52100 today. The 90-day forecast remains above the INR 113100 minimum balance. Projected minimum balance: INR 179081.74.
request_43,8314458.79,affordable_later,wait,2024-11-15:43339000,2024-11-15,none,Wait until 2024-11-15 and then pay IDR 43339000 in full. Paying earlier would put the IDR 21398000 minimum balance at risk.
request_44,0,not_affordable,not_recommended,none,,none,Do not proceed by the requested deadline. No eligible payment option keeps the INR 82900 minimum balance protected.
request_45,5072824.97,affordable_later,wait,2026-09-15:21983000,2026-09-15,none,Wait until 2026-09-15 and then pay IDR 21983000 in full. Paying earlier would put the IDR 11149800 minimum balance at risk.
request_46,46957.69,affordable_with_plan,partial_payment,2024-12-03:46957.69|2024-12-15:2492.31,2024-12-15,none,Pay INR 46957.69 today and INR 2492.31 on 2024-12-15. The verified schedule keeps the INR 84000 minimum protected. Projected minimum balance: INR 84000.00.
request_47,38114000,affordable_now,full_payment,2025-05-05:38114000,2025-05-05,none,Pay IDR 38114000 today. The 90-day forecast remains above the IDR 30049000 minimum balance. Projected minimum balance: IDR 33786345.91.
request_48,45700,affordable_now,full_payment,2026-07-25:45700,2026-07-25,none,Pay INR 45700 today. The 90-day forecast remains above the INR 71300 minimum balance. Projected minimum balance: INR 99939.64.
request_49,14042897.34,affordable_with_plan,installments,2024-03-18:11902106.67|2024-04-18:11902106.67|2024-05-19:11902106.67,2024-05-15,none,Use 3 installments of IDR 11902106.67 starting 2024-03-18. The verified schedule keeps the IDR 20275700 minimum protected. Financing cost is IDR 1373320.01. Projected minimum balance: IDR 29373400.93.
request_50,43900,affordable_now,full_payment,2025-08-06:43900,2025-08-06,none,Pay INR 43900 today. The 90-day forecast remains above the INR 99700 minimum balance. Projected minimum balance: INR 154870.06.
request_51,2191000,affordable_now,full_payment,2026-01-03:2191000,2026-01-03,none,Pay IDR 2191000 today. The 90-day forecast remains above the IDR 7811000 minimum balance. Projected minimum balance: IDR 19652740.45.
request_52,21517.31,affordable_later,wait,2024-06-15:28870,2024-06-15,none,Wait until 2024-06-15 and then pay INR 28870 in full. Paying earlier would put the INR 41500 minimum balance at risk.
request_53,714.42,affordable_with_plan,installments,2025-11-21:589.06|2025-12-19:589.06|2026-01-16:589.06,2025-11-15,none,Use 3 installments of USD 589.06 starting 2025-11-21. The verified schedule keeps the USD 2100 minimum protected. Financing cost is USD 67.98. Projected minimum balance: USD 2814.42.
request_54,4167.76,not_affordable,not_recommended,none,,none,Do not proceed by the requested deadline. No eligible payment option keeps the ZAR 37000 minimum balance protected.
request_55,132375.00,affordable_with_plan,installments,2026-06-11:75781.33|2026-07-12:75781.33|2026-08-12:75781.33,2026-06-15,none,Use 3 installments of INR 75781.33 starting 2026-06-11. The verified schedule keeps the INR 124300 minimum protected. Financing cost is INR 8743.99. Projected minimum balance: INR 180893.67.
request_56,751.58,affordable_with_plan,partial_payment,2025-02-03:751.58|2025-02-15:129.98,2025-02-15,none,Pay USD 751.58 today and USD 129.98 on 2025-02-15. The verified schedule keeps the USD 2100 minimum protected. Projected minimum balance: USD 2100.00.
request_57,14668.81,affordable_later,wait,2026-05-15:61446,2026-05-15,none,Wait until 2026-05-15 and then pay ZAR 61446 in full. Paying earlier would put the ZAR 42700 minimum balance at risk.
request_58,16226000,affordable_now,full_payment,2024-12-07:16226000,2024-12-07,none,Pay IDR 16226000 today. The 90-day forecast remains above the IDR 14433900 minimum balance. Projected minimum balance: IDR 22959370.37.
request_59,140600,affordable_with_plan,installments,2025-05-07:48741.33|2025-06-04:48741.33|2025-07-02:48741.33,2025-05-04,none,Use 3 installments of INR 48741.33 starting 2025-05-07. The verified schedule keeps the INR 132600 minimum protected. Financing cost is INR 5623.99. Projected minimum balance: INR 334273.64.
request_60,181.30,affordable_later,wait,2026-01-15:199.89,2026-01-15,none,Wait until 2026-01-15 and then pay USD 199.89 in full. Paying earlier would put the USD 400 minimum balance at risk.
request_61,29062,affordable_with_plan,installments,2024-03-17:10074.83|2024-04-17:10074.83|2024-05-18:10074.83,2024-03-03,none,Use 3 installments of ZAR 10074.83 starting 2024-03-17. The verified schedule keeps the ZAR 36700 minimum protected. Financing cost is ZAR 1162.49. Projected minimum balance: ZAR 60941.88.
request_62,404.23,affordable_now,full_payment,2025-08-05:404.23,2025-08-05,none,Pay USD 404.23 today. The 90-day forecast remains above the USD 1300 minimum balance. Projected minimum balance: USD 2791.26.
request_63,58396.01,affordable_with_plan,partial_payment,2026-07-07:58396.01|2026-09-15:285503.99,2026-09-15,none,Pay INR 58396.01 today and INR 285503.99 on 2026-09-15. The verified schedule keeps the INR 153500 minimum protected. Projected minimum balance: INR 153500.00.
request_64,48067.19,affordable_with_plan,installments,2024-06-11:22082.67|2024-07-12:22082.67|2024-08-12:22082.67,2024-06-15,none,Use 3 installments of INR 22082.67 starting 2024-06-11. The verified schedule keeps the INR 36100 minimum protected. Financing cost is INR 2548.01. Projected minimum balance: INR 62084.52.
request_65,7058.41,not_affordable,not_recommended,none,,none,Do not proceed by the requested deadline. No eligible payment option keeps the ZAR 15500 minimum balance protected.
request_66,22200,affordable_now,full_payment,2026-04-03:22200,2026-04-03,none,Pay INR 22200 today. The 90-day forecast remains above the INR 80700 minimum balance. Projected minimum balance: INR 158980.23.
request_67,596.52,affordable_later,wait,2024-10-15:2094,2024-10-15,none,Wait until 2024-10-15 and then pay USD 2094 in full. Paying earlier would put the USD 1200 minimum balance at risk.
request_68,0,not_affordable,not_recommended,none,,none,Do not proceed by the requested deadline. No eligible payment option keeps the USD 1500 minimum balance protected.
request_69,529.1,affordable_now,full_payment,2026-01-04:529.1,2026-01-04,none,Pay EUR 529.1 today. The 90-day forecast remains above the EUR 700 minimum balance. Projected minimum balance: EUR 828.12.
request_70,59952.21,affordable_later,wait,2025-01-15:243900,2025-01-15,none,Wait until 2025-01-15 and then pay INR 243900 in full. Paying earlier would put the INR 115000 minimum balance at risk.
request_71,2158178.58,not_affordable,not_recommended,none,2025-07-15,none,Do not proceed by the requested deadline. No eligible payment option keeps the IDR 8884800 minimum balance protected.
request_72,0,not_affordable,not_recommended,none,,none,Do not proceed by the requested deadline. No eligible payment option keeps the ZAR 12200 minimum balance protected.
request_73,71400,affordable_now,full_payment,2023-01-20:71400,2023-01-20,none,Pay INR 71400 today. The 90-day forecast remains above the INR 103200 minimum balance. Projected minimum balance: INR 142451.17.
request_74,5010,affordable_now,full_payment,2025-08-04:5010,2025-08-04,none,Pay ZAR 5010 today. The 90-day forecast remains above the ZAR 21900 minimum balance. Projected minimum balance: ZAR 39166.83.
request_75,28270,affordable_with_plan,installments,2026-04-09:9800.27|2026-05-09:9800.27|2026-06-08:9800.27,2026-04-06,none,Use 3 installments of ZAR 9800.27 starting 2026-04-09. The verified schedule keeps the ZAR 39000 minimum protected. Financing cost is ZAR 1130.81. Projected minimum balance: ZAR 54455.59.
request_76,1083.03,not_affordable,not_recommended,none,,none,Do not proceed by the requested deadline. No eligible payment option keeps the USD 1800 minimum balance protected.
request_77,60700,affordable_now,full_payment,2025-11-05:60700,2025-11-05,none,Pay INR 60700 today. The 90-day forecast remains above the INR 82200 minimum balance. Projected minimum balance: INR 86852.86.
request_78,50200,affordable_now,full_payment,2025-10-02:50200,2025-10-02,none,Pay INR 50200 today. The 90-day forecast remains above the INR 55200 minimum balance. Projected minimum balance: INR 63801.39.
request_79,470.03,not_affordable,not_recommended,none,2024-11-15,none,Do not proceed by the requested deadline. No eligible payment option keeps the EUR 1000 minimum balance protected.
request_80,125410,not_affordable,not_recommended,none,,none,Do not proceed by the requested deadline. No eligible payment option keeps the INR 121300 minimum balance protected.
request_81,2076,affordable_now,full_payment,2026-07-03:2076,2026-07-03,none,Pay USD 2076 today. The 90-day forecast remains above the USD 1600 minimum balance. Projected minimum balance: USD 1958.20.
request_82,532.76,affordable_later,wait,2025-01-15:1405.2,2025-01-15,none,Wait until 2025-01-15 and then pay USD 1405.2 in full. Paying earlier would put the USD 1100 minimum balance at risk.
request_83,0,not_affordable,not_recommended,none,,none,Do not proceed by the requested deadline. No eligible payment option keeps the INR 37800 minimum balance protected.
request_84,32417.32,affordable_later,wait,2026-05-15:95400,2026-05-15,none,Wait until 2026-05-15 and then pay INR 95400 in full. Paying earlier would put the INR 91300 minimum balance at risk.
request_85,1219151.57,not_affordable,not_recommended,none,,none,Do not proceed by the requested deadline. No eligible payment option keeps the IDR 6396300 minimum balance protected.
request_86,25341.78,not_affordable,not_recommended,none,,none,Do not proceed by the requested deadline. No eligible payment option keeps the INR 84900 minimum balance protected.
request_87,0,not_affordable,not_recommended,none,,none,Do not proceed by the requested deadline. No eligible payment option keeps the INR 185900 minimum balance protected.
request_88,11959.79,affordable_with_plan,installments,2024-06-14:9045.23|2024-07-15:9045.23|2024-08-15:9045.23,2024-06-15,none,Use 3 installments of ZAR 9045.23 starting 2024-06-14. The verified schedule keeps the ZAR 25800 minimum protected. Financing cost is ZAR 1043.69. Projected minimum balance: ZAR 28714.56.
request_89,10831438.44,affordable_with_plan,installments,2025-11-18:4768746.67|2025-12-16:4768746.67|2026-01-13:4768746.67,2025-11-15,none,Use 3 installments of IDR 4768746.67 starting 2025-11-18. The verified schedule keeps the IDR 12534700 minimum protected. Financing cost is IDR 550240.01. Projected minimum balance: IDR 23366138.44.
request_90,2560,affordable_now,full_payment,2026-07-06:2560,2026-07-06,none,Pay ZAR 2560 today. The 90-day forecast remains above the ZAR 7600 minimum balance. Projected minimum balance: ZAR 13778.80.
request_91,718.08,affordable_later,wait,2024-10-15:1927.2,2024-10-15,none,Wait until 2024-10-15 and then pay EUR 1927.2 in full. Paying earlier would put the EUR 2100 minimum balance at risk.
request_92,34034,affordable_now,full_payment,2025-02-05:34034,2025-02-05,none,Pay ZAR 34034 today. The 90-day forecast remains above the ZAR 28100 minimum balance. Projected minimum balance: ZAR 32540.30.
request_93,1729.2,affordable_now,full_payment,2026-04-07:1729.2,2026-04-07,none,Pay USD 1729.2 today. The 90-day forecast remains above the USD 1900 minimum balance. Projected minimum balance: USD 2090.47.
request_94,572,affordable_now,full_payment,2024-12-04:572,2024-12-04,none,Pay EUR 572 today. The 90-day forecast remains above the EUR 600 minimum balance. Projected minimum balance: EUR 802.86.
request_95,0,not_affordable,not_recommended,none,,none,Do not proceed by the requested deadline. No eligible payment option keeps the INR 145500 minimum balance protected.
request_96,59755.77,not_affordable,not_recommended,none,,none,Do not proceed by the requested deadline. No eligible payment option keeps the INR 56500 minimum balance protected.
request_97,2910.52,affordable_with_plan,installments,2024-03-19:8145.28|2024-04-19:8145.28|2024-05-20:8145.28,2024-03-15,none,Use 3 installments of ZAR 8145.28 starting 2024-03-19. The verified schedule keeps the ZAR 29700 minimum protected. Financing cost is ZAR 939.84. Projected minimum balance: ZAR 32610.52.
request_98,10979.31,affordable_later,wait,2025-08-15:27148,2025-08-15,none,Wait until 2025-08-15 and then pay ZAR 27148 in full. Paying earlier would put the ZAR 30000 minimum balance at risk.
request_99,18062,affordable_now,full_payment,2026-07-04:18062,2026-07-04,none,Pay ZAR 18062 today. The 90-day forecast remains above the ZAR 49100 minimum balance. Projected minimum balance: ZAR 52768.97.
request_100,29490.98,affordable_with_plan,installments,2024-06-13:12866.19|2024-07-14:12866.19|2024-08-14:12866.19,2024-06-15,none,Use 3 installments of ZAR 12866.19 starting 2024-06-13. The verified schedule keeps the ZAR 32500 minimum protected. Financing cost is ZAR 1484.57. Projected minimum balance: ZAR 49124.79.
request_101,143500,affordable_now,full_payment,2025-11-03:143500,2025-11-03,none,Pay INR 143500 today. The 90-day forecast remains above the INR 187400 minimum balance. Projected minimum balance: INR 207764.97.
request_102,1716,affordable_with_plan,installments,2026-04-05:594.88|2026-05-05:594.88|2026-06-04:594.88,2026-04-05,none,Use 3 installments of EUR 594.88 starting 2026-04-05. The verified schedule keeps the EUR 900 minimum protected. Financing cost is EUR 68.64. Projected minimum balance: EUR 1192.94.
request_103,21711.66,not_affordable,not_recommended,none,,none,Do not proceed by the requested deadline. No eligible payment option keeps the INR 125500 minimum balance protected.
request_104,17204,affordable_now,full_payment,2025-02-04:17204,2025-02-04,none,Pay ZAR 17204 today. The 90-day forecast remains above the ZAR 24700 minimum balance. Projected minimum balance: ZAR 31416.81.
request_105,53500,affordable_now,full_payment,2026-06-08:53500,2026-06-08,none,Pay INR 53500 today. The 90-day forecast remains above the INR 73900 minimum balance. Projected minimum balance: INR 82236.83.
request_106,538.44,affordable_later,wait,2025-01-15:2207.7,2025-01-15,none,Wait until 2025-01-15 and then pay EUR 2207.7 in full. Paying earlier would put the EUR 1200 minimum balance at risk.
request_107,0,not_affordable,not_recommended,none,,none,Do not proceed by the requested deadline. No eligible payment option keeps the EUR 1600 minimum balance protected.
request_108,4690.55,not_affordable,not_recommended,none,,none,Do not proceed by the requested deadline. No eligible payment option keeps the ZAR 24100 minimum balance protected.
request_109,777.18,affordable_with_plan,installments,2024-03-18:645.98|2024-04-18:645.98|2024-05-19:645.98,2024-03-15,none,Use 3 installments of EUR 645.98 starting 2024-03-18. The verified schedule keeps the EUR 1700 minimum protected. Financing cost is EUR 74.54. Projected minimum balance: EUR 2477.18.
request_110,22352,affordable_with_plan,installments,2025-08-06:7748.69|2025-09-03:7748.69|2025-10-01:7748.69,2025-08-06,none,Use 3 installments of ZAR 7748.69 starting 2025-08-06. The verified schedule keeps the ZAR 11200 minimum protected. Financing cost is ZAR 894.07. Projected minimum balance: ZAR 11807.43.
request_111,16625000,affordable_now,full_payment,2026-04-03:16625000,2026-04-03,none,Pay IDR 16625000 today. The 90-day forecast remains above the IDR 23022800 minimum balance. Projected minimum balance: IDR 39637388.11.
request_112,0,not_affordable,not_recommended,none,,none,Do not proceed by the requested deadline. No eligible payment option keeps the EUR 500 minimum balance protected.
request_113,36500,affordable_now,full_payment,2026-09-04:36500,2026-09-04,none,Pay INR 36500 today. The 90-day forecast remains above the INR 82300 minimum balance. Projected minimum balance: INR 82517.89.
request_114,65300,affordable_now,full_payment,2026-01-04:65300,2026-01-04,none,Pay INR 65300 today. The 90-day forecast remains above the INR 113400 minimum balance. Projected minimum balance: INR 129027.34.
request_115,16371.71,affordable_later,wait,2024-10-15:80500,2024-10-15,none,Wait until 2024-10-15 and then pay INR 80500 in full. Paying earlier would put the INR 38800 minimum balance at risk.
request_116,26598.79,not_affordable,not_recommended,none,,none,Do not proceed by the requested deadline. No eligible payment option keeps the INR 80300 minimum balance protected.
request_117,880,affordable_now,full_payment,2026-07-05:880,2026-07-05,none,Pay EUR 880 today. The 90-day forecast remains above the EUR 1000 minimum balance. Projected minimum balance: EUR 1047.81.
request_118,710.68,affordable_with_plan,installments,2024-12-07:255.87|2025-01-07:255.87|2025-02-07:255.87,2024-12-15,none,Use 3 installments of EUR 255.87 starting 2024-12-07. The verified schedule keeps the EUR 600 minimum protected. Financing cost is EUR 29.51. Projected minimum balance: EUR 1054.81.
request_119,0,not_affordable,not_recommended,none,,none,Do not proceed by the requested deadline. No eligible payment option keeps the INR 151200 minimum balance protected.
request_120,7714000,affordable_now,full_payment,2026-04-06:7714000,2026-04-06,none,Pay IDR 7714000 today. The 90-day forecast remains above the IDR 20050300 minimum balance. Projected minimum balance: IDR 21871764.19.
request_121,633.6,affordable_now,full_payment,2024-03-03:633.6,2024-03-03,none,Pay USD 633.6 today. The 90-day forecast remains above the USD 800 minimum balance. Projected minimum balance: USD 955.33.
request_122,20558000,affordable_with_plan,installments,2025-08-05:7126773.33|2025-09-02:7126773.33|2025-09-30:7126773.33,2025-08-05,none,Use 3 installments of IDR 7126773.33 starting 2025-08-05. The verified schedule keeps the IDR 12588500 minimum protected. Financing cost is IDR 822319.99. Projected minimum balance: IDR 21194024.65.
request_123,4076000,affordable_now,full_payment,2026-01-07:4076000,2026-01-07,none,Pay IDR 4076000 today. The 90-day forecast remains above the IDR 18091200 minimum balance. Projected minimum balance: IDR 32045215.57.
request_124,1476.92,affordable_with_plan,installments,2024-06-11:1076.12|2024-07-12:1076.12|2024-08-12:1076.12,2024-06-15,none,Use 3 installments of EUR 1076.12 starting 2024-06-11. The verified schedule keeps the EUR 1600 minimum protected. Financing cost is EUR 124.16. Projected minimum balance: EUR 2000.80.
request_125,6468,affordable_now,full_payment,2025-11-06:6468,2025-11-06,none,Pay ZAR 6468 today. The 90-day forecast remains above the ZAR 11300 minimum balance. Projected minimum balance: ZAR 12380.98.
request_126,90003.49,not_affordable,not_recommended,none,,none,Do not proceed by the requested deadline. No eligible payment option keeps the INR 129700 minimum balance protected.
request_127,0,not_affordable,not_recommended,none,,none,Do not proceed by the requested deadline. No eligible payment option keeps the ZAR 41000 minimum balance protected.
request_128,25168,affordable_now,full_payment,2025-02-07:25168,2025-02-07,none,Pay ZAR 25168 today. The 90-day forecast remains above the ZAR 42600 minimum balance. Projected minimum balance: ZAR 46477.62.
request_129,146.56,not_affordable,not_recommended,none,,none,Do not proceed by the requested deadline. No eligible payment option keeps the USD 800 minimum balance protected.
request_130,563.84,affordable_later,wait,2025-01-15:1978.8,2025-01-15,none,Wait until 2025-01-15 and then pay USD 1978.8 in full. Paying earlier would put the USD 1400 minimum balance at risk.
request_131,0,not_affordable,not_recommended,none,,none,Do not proceed by the requested deadline. No eligible payment option keeps the USD 1100 minimum balance protected.
request_132,379.86,affordable_now,full_payment,2026-01-05:379.86,2026-01-05,none,Pay USD 379.86 today. The 90-day forecast remains above the USD 1100 minimum balance. Projected minimum balance: USD 1120.82.
request_133,217001.70,not_affordable,not_recommended,none,,none,Do not proceed by the requested deadline. No eligible payment option keeps the IDR 9986200 minimum balance protected.
request_134,7210010.38,affordable_later,wait,2025-09-15:21831000,2025-09-15,none,Wait until 2025-09-15 and then pay IDR 21831000 in full. Paying earlier would put the IDR 15902500 minimum balance at risk.
request_135,304.8,affordable_now,full_payment,2026-07-06:304.8,2026-07-06,none,Pay USD 304.8 today. The 90-day forecast remains above the USD 500 minimum balance. Projected minimum balance: USD 519.79.
request_136,560.4,affordable_now,full_payment,2024-06-03:560.4,2024-06-03,none,Pay USD 560.4 today. The 90-day forecast remains above the USD 1100 minimum balance. Projected minimum balance: USD 1210.64.
request_137,35578.92,affordable_later,wait,2025-12-15:80100,2025-12-15,none,Wait until 2025-12-15 and then pay INR 80100 in full. Paying earlier would put the INR 71800 minimum balance at risk.
request_138,970.27,affordable_with_plan,partial_payment,2026-04-07:970.27|2026-04-15:286.67,2026-04-15,none,Pay EUR 970.27 today and EUR 286.67 on 2026-04-15. The verified schedule keeps the EUR 2300 minimum protected. Projected minimum balance: EUR 2300.00.
request_139,1555.67,affordable_with_plan,installments,2024-09-07:802.88|2024-10-08:802.88|2024-11-08:802.88,2024-09-15,none,Use 3 installments of USD 802.88 starting 2024-09-07. The verified schedule keeps the USD 1500 minimum protected. Financing cost is USD 92.64. Projected minimum balance: USD 2252.79.
request_140,0,not_affordable,not_recommended,none,,none,Do not proceed by the requested deadline. No eligible payment option keeps the ZAR 21600 minimum balance protected.
request_141,31906.26,not_affordable,not_recommended,none,2026-03-15,none,Do not proceed by the requested deadline. No eligible payment option keeps the INR 67300 minimum balance protected.
request_142,1263.6,affordable_now,full_payment,2024-12-05:1263.6,2024-12-05,none,Pay USD 1263.6 today. The 90-day forecast remains above the USD 1700 minimum balance. Projected minimum balance: USD 2198.98.
request_143,4455.58,affordable_later,wait,2025-06-15:12584,2025-06-15,none,Wait until 2025-06-15 and then pay ZAR 12584 in full. Paying earlier would put the ZAR 11300 minimum balance at risk.
request_144,0,not_affordable,not_recommended,none,,none,Do not proceed by the requested deadline. No eligible payment option keeps the USD 600 minimum balance protected.
request_145,47057.21,affordable_with_plan,installments,2024-03-20:75365.33|2024-04-20:75365.33|2024-05-21:75365.33,2024-04-15,none,Use 3 installments of INR 75365.33 starting 2024-03-20. The verified schedule keeps the INR 155400 minimum protected. Financing cost is INR 8695.99. Projected minimum balance: INR 202457.21.
request_146,25950.16,not_affordable,not_recommended,none,,none,Do not proceed by the requested deadline. No eligible payment option keeps the INR 108600 minimum balance protected.
request_147,0,not_affordable,not_recommended,none,,none,Do not proceed by the requested deadline. No eligible payment option keeps the EUR 900 minimum balance protected.
request_148,10386.21,affordable_with_plan,installments,2024-06-14:7710.56|2024-07-15:7710.56|2024-08-15:7710.56,2024-06-15,none,Use 3 installments of ZAR 7710.56 starting 2024-06-14. The verified schedule keeps the ZAR 20000 minimum protected. Financing cost is ZAR 889.68. Projected minimum balance: ZAR 22675.65.
request_149,24836.24,affordable_with_plan,installments,2025-11-18:12706.03|2025-12-16:12706.03|2026-01-13:12706.03,2025-11-15,none,Use 3 installments of ZAR 12706.03 starting 2025-11-18. The verified schedule keeps the ZAR 42100 minimum protected. Financing cost is ZAR 1466.09. Projected minimum balance: ZAR 65385.87.
request_150,397.74,affordable_with_plan,installments,2026-01-06:171.98|2026-02-05:171.98|2026-03-07:171.98,2026-03-15,reduce_to:event_13787:24.16,Use 3 installments of EUR 171.98 starting 2026-01-06. The verified schedule keeps the EUR 700 minimum protected. Financing cost is EUR 19.84. Required spending changes: reduce_to:event_13787:24.16. Projected minimum balance: EUR 700.03.
request_151,26999000,affordable_now,full_payment,2024-09-03:26999000,2024-09-03,none,Pay IDR 26999000 today. The 90-day forecast remains above the IDR 31633600 minimum balance. Projected minimum balance: IDR 35163618.05.
request_152,12308.77,affordable_with_plan,installments,2025-02-12:4812.43|2025-03-12:4812.43|2025-04-09:4812.43,2025-02-15,none,Use 3 installments of ZAR 4812.43 starting 2025-02-12. The verified schedule keeps the ZAR 11900 minimum protected. Financing cost is ZAR 555.29. Projected minimum balance: ZAR 18601.68.
request_153,258.60,affordable_later,wait,2026-09-15:2830.8,2026-09-15,none,Wait until 2026-09-15 and then pay USD 2830.8 in full. Paying earlier would put the USD 1400 minimum balance at risk.
request_154,1625.8,affordable_with_plan,installments,2024-12-04:563.61|2025-01-04:563.61|2025-02-04:563.61,2024-12-04,none,Use 3 installments of EUR 563.61 starting 2024-12-04. The verified schedule keeps the EUR 1300 minimum protected. Financing cost is EUR 65.03. Projected minimum balance: EUR 2260.82.
request_155,66491.33,not_affordable,not_recommended,none,,none,Do not proceed by the requested deadline. No eligible payment option keeps the INR 56300 minimum balance protected.
request_156,11182.27,affordable_later,wait,2026-05-15:43076,2026-05-15,none,Wait until 2026-05-15 and then pay ZAR 43076 in full. Paying earlier would put the ZAR 26900 minimum balance at risk.
request_157,6968905.82,affordable_later,wait,2024-04-15:23503000,2024-04-15,none,Wait until 2024-04-15 and then pay IDR 23503000 in full. Paying earlier would put the IDR 15714100 minimum balance at risk.
request_158,242600,affordable_with_plan,installments,2025-08-07:84101.33|2025-09-04:84101.33|2025-10-02:84101.33,2025-08-07,none,Use 3 installments of INR 84101.33 starting 2025-08-07. The verified schedule keeps the INR 131400 minimum protected. Financing cost is INR 9703.99. Projected minimum balance: INR 191613.71.
request_159,13398,affordable_now,full_payment,2026-01-04:13398,2026-01-04,none,Pay ZAR 13398 today. The 90-day forecast remains above the ZAR 8700 minimum balance. Projected minimum balance: ZAR 9391.24.
request_160,643.61,affordable_with_plan,installments,2024-06-13:432.05|2024-07-14:432.05|2024-08-14:432.05,2024-06-15,none,Use 3 installments of EUR 432.05 starting 2024-06-13. The verified schedule keeps the EUR 1200 minimum protected. Financing cost is EUR 49.85. Projected minimum balance: EUR 1411.56.
request_161,0,not_affordable,not_recommended,none,,none,Do not proceed by the requested deadline. No eligible payment option keeps the IDR 23010400 minimum balance protected.
request_162,4388137.84,not_affordable,not_recommended,none,,none,Do not proceed by the requested deadline. No eligible payment option keeps the IDR 24161100 minimum balance protected.
request_163,13118836.65,affordable_with_plan,installments,2024-09-10:6692053.33|2024-10-11:6692053.33|2024-11-11:6692053.33,2024-09-15,none,Use 3 installments of IDR 6692053.33 starting 2024-09-10. The verified schedule keeps the IDR 26728700 minimum protected. Financing cost is IDR 772159.99. Projected minimum balance: IDR 33155483.32.
request_164,27018000,affordable_with_plan,installments,2025-02-11:9366240|2025-03-11:9366240|2025-04-08:9366240,2025-02-04,none,Use 3 installments of IDR 9366240 starting 2025-02-11. The verified schedule keeps the IDR 29550500 minimum protected. Financing cost is IDR 1080720. Projected minimum balance: IDR 52391696.96.
request_165,80600,affordable_now,full_payment,2026-04-06:80600,2026-04-06,none,Pay INR 80600 today. The 90-day forecast remains above the INR 95000 minimum balance. Projected minimum balance: INR 148071.52.
request_166,2907.6,affordable_with_plan,installments,2024-12-03:1007.97|2025-01-03:1007.97|2025-02-03:1007.97,2024-12-03,none,Use 3 installments of USD 1007.97 starting 2024-12-03. The verified schedule keeps the USD 1700 minimum protected. Financing cost is USD 116.31. Projected minimum balance: USD 3303.03.
request_167,0,not_affordable,not_recommended,none,,none,Do not proceed by the requested deadline. No eligible payment option keeps the ZAR 31200 minimum balance protected.
request_168,42234.73,affordable_with_plan,partial_payment,2026-01-07:42234.73|2026-02-15:7145.27,2026-02-15,none,Pay INR 42234.73 today and INR 7145.27 on 2026-02-15. The verified schedule keeps the INR 114400 minimum protected. Projected minimum balance: INR 114400.00.
request_169,41976,affordable_now,full_payment,2024-03-04:41976,2024-03-04,none,Pay ZAR 41976 today. The 90-day forecast remains above the ZAR 18700 minimum balance. Projected minimum balance: ZAR 26875.60.
request_170,34275921.57,affordable_with_plan,installments,2025-08-06:12804480|2025-09-03:12804480|2025-10-01:12804480,2025-08-15,none,Use 3 installments of IDR 12804480 starting 2025-08-06. The verified schedule keeps the IDR 24715800 minimum protected. Financing cost is IDR 1477440. Projected minimum balance: IDR 46187241.57.
request_171,87.26,not_affordable,not_recommended,none,,none,Do not proceed by the requested deadline. No eligible payment option keeps the EUR 500 minimum balance protected.
request_172,10200,affordable_with_plan,installments,2024-06-05:5304|2024-07-03:5304,2024-06-05,none,Use 2 installments of ZAR 5304 starting 2024-06-05. The verified schedule keeps the ZAR 27200 minimum protected. Financing cost is ZAR 408. Projected minimum balance: ZAR 32835.50.
request_173,69732.37,affordable_with_plan,installments,2025-11-21:39173.33|2025-12-19:39173.33|2026-01-16:39173.33,2025-11-15,none,Use 3 installments of INR 39173.33 starting 2025-11-21. The verified schedule keeps the INR 79100 minimum protected. Financing cost is INR 4519.99. Projected minimum balance: INR 148832.37.
request_174,1146.2,affordable_with_plan,installments,2026-04-04:397.35|2026-05-04:397.35|2026-06-03:397.35,2026-04-04,none,Use 3 installments of EUR 397.35 starting 2026-04-04. The verified schedule keeps the EUR 700 minimum protected. Financing cost is EUR 45.85. Projected minimum balance: EUR 1259.55.
request_175,2346.3,affordable_now,full_payment,2024-09-06:2346.3,2024-09-06,none,Pay EUR 2346.3 today. The 90-day forecast remains above the EUR 1700 minimum balance. Projected minimum balance: EUR 2246.91.
request_176,456.96,not_affordable,not_recommended,none,,none,Do not proceed by the requested deadline. No eligible payment option keeps the EUR 600 minimum balance protected.
request_177,1017.6,affordable_now,full_payment,2026-01-05:1017.6,2026-01-05,none,Pay USD 1017.6 today. The 90-day forecast remains above the USD 1300 minimum balance. Projected minimum balance: USD 1646.21.
request_178,2938.1,affordable_with_plan,installments,2024-12-07:1018.54|2025-01-07:1018.54|2025-02-07:1018.54,2024-12-07,none,Use 3 installments of EUR 1018.54 starting 2024-12-07. The verified schedule keeps the EUR 1400 minimum protected. Financing cost is EUR 117.52. Projected minimum balance: EUR 2276.49.
request_179,12796325.90,affordable_later,wait,2025-06-15:41648000,2025-06-15,none,Wait until 2025-06-15 and then pay IDR 41648000 in full. Paying earlier would put the IDR 41430800 minimum balance at risk.
request_180,0,not_affordable,not_recommended,none,,none,Do not proceed by the requested deadline. No eligible payment option keeps the INR 37300 minimum balance protected.
request_181,402.57,not_affordable,not_recommended,none,,none,Do not proceed by the requested deadline. No eligible payment option keeps the USD 2000 minimum balance protected.
request_182,65714,affordable_now,full_payment,2025-08-05:65714,2025-08-05,none,Pay ZAR 65714 today. The 90-day forecast remains above the ZAR 31100 minimum balance. Projected minimum balance: ZAR 45696.29.
request_183,25453247.56,affordable_with_plan,installments,2026-04-10:9313546.67|2026-05-10:9313546.67|2026-06-09:9313546.67,2026-04-15,none,Use 3 installments of IDR 9313546.67 starting 2026-04-10. The verified schedule keeps the IDR 11878300 minimum protected. Financing cost is IDR 1074640.01. Projected minimum balance: IDR 28018000.89.
request_184,21348.09,not_affordable,not_recommended,none,,none,Do not proceed by the requested deadline. No eligible payment option keeps the INR 110800 minimum balance protected.
request_185,478.40,affordable_later,wait,2025-12-15:1257.3,2025-12-15,none,Wait until 2025-12-15 and then pay EUR 1257.3 in full. Paying earlier would put the EUR 1300 minimum balance at risk.
request_186,8488.48,not_affordable,not_recommended,none,,none,Do not proceed by the requested deadline. No eligible payment option keeps the ZAR 22000 minimum balance protected.
request_187,44872.87,affordable_later,wait,2024-10-15:187500,2024-10-15,none,Wait until 2024-10-15 and then pay INR 187500 in full. Paying earlier would put the INR 128300 minimum balance at risk.
request_188,158.78,not_affordable,not_recommended,none,,none,Do not proceed by the requested deadline. No eligible payment option keeps the EUR 900 minimum balance protected.
request_189,488.4,affordable_now,full_payment,2026-07-04:488.4,2026-07-04,none,Pay EUR 488.4 today. The 90-day forecast remains above the EUR 400 minimum balance. Projected minimum balance: EUR 529.93.
request_190,796.50,affordable_later,wait,2025-01-15:2557.5,2025-01-15,none,Wait until 2025-01-15 and then pay EUR 2557.5 in full. Paying earlier would put the EUR 1600 minimum balance at risk.
request_191,664.4,affordable_now,full_payment,2025-05-03:664.4,2025-05-03,none,Pay EUR 664.4 today. The 90-day forecast remains above the EUR 500 minimum balance. Projected minimum balance: EUR 669.62.
request_192,214.13,not_affordable,not_recommended,none,,none,Do not proceed by the requested deadline. No eligible payment option keeps the USD 1000 minimum balance protected.
request_193,132.55,affordable_with_plan,installments,2024-03-21:420.23|2024-04-21:420.23|2024-05-22:420.23,2024-04-15,none,Use 3 installments of EUR 420.23 starting 2024-03-21. The verified schedule keeps the EUR 1000 minimum protected. Financing cost is EUR 48.49. Projected minimum balance: EUR 1132.55.
request_194,0,not_affordable,not_recommended,none,,none,Do not proceed by the requested deadline. No eligible payment option keeps the INR 113600 minimum balance protected.
request_195,1094.34,not_affordable,not_recommended,none,2026-03-15,none,Do not proceed by the requested deadline. No eligible payment option keeps the EUR 700 minimum balance protected.
request_196,762.3,affordable_now,full_payment,2024-06-03:762.3,2024-06-03,none,Pay EUR 762.3 today. The 90-day forecast remains above the EUR 500 minimum balance. Projected minimum balance: EUR 692.48.
request_197,0,not_affordable,not_recommended,none,,none,Do not proceed by the requested deadline. No eligible payment option keeps the IDR 26245900 minimum balance protected.
request_198,185800,affordable_now,full_payment,2026-07-07:185800,2026-07-07,none,Pay INR 185800 today. The 90-day forecast remains above the INR 124300 minimum balance. Projected minimum balance: INR 175363.50.
request_199,23674000,affordable_with_plan,installments,2024-09-07:8206986.67|2024-10-08:8206986.67|2024-11-08:8206986.67,2024-09-04,none,Use 3 installments of IDR 8206986.67 starting 2024-09-07. The verified schedule keeps the IDR 25359500 minimum protected. Financing cost is IDR 946960.01. Projected minimum balance: IDR 65037069.41.
request_200,21717000,affordable_now,full_payment,2025-02-06:21717000,2025-02-06,none,Pay IDR 21717000 today. The 90-day forecast remains above the IDR 20114600 minimum balance. Projected minimum balance: IDR 25408496.18.
request_201,23997000,affordable_now,full_payment,2026-04-03:23997000,2026-04-03,none,Pay IDR 23997000 today. The 90-day forecast remains above the IDR 17304500 minimum balance. Projected minimum balance: IDR 50827890.48.
request_202,123900,affordable_now,full_payment,2024-12-05:123900,2024-12-05,none,Pay INR 123900 today. The 90-day forecast remains above the INR 147800 minimum balance. Projected minimum balance: INR 177925.11.
request_203,1442.1,affordable_with_plan,installments,2025-05-10:499.93|2025-06-07:499.93|2025-07-05:499.93,2025-05-07,none,Use 3 installments of EUR 499.93 starting 2025-05-10. The verified schedule keeps the EUR 1400 minimum protected. Financing cost is EUR 57.69. Projected minimum balance: EUR 3319.35.
request_204,0,not_affordable,not_recommended,none,,none,Do not proceed by the requested deadline. No eligible payment option keeps the EUR 1300 minimum balance protected.
request_205,10621000,affordable_now,full_payment,2024-03-06:10621000,2024-03-06,none,Pay IDR 10621000 today. The 90-day forecast remains above the IDR 13994300 minimum balance. Projected minimum balance: IDR 17339583.52.
request_206,1404.7,affordable_with_plan,installments,2025-08-03:486.96|2025-08-31:486.96|2025-09-28:486.96,2025-08-03,none,Use 3 installments of EUR 486.96 starting 2025-08-03. The verified schedule keeps the EUR 900 minimum protected. Financing cost is EUR 56.18. Projected minimum balance: EUR 1779.16.
request_207,6737.41,affordable_later,wait,2026-07-15:11830,2026-07-15,none,Wait until 2026-07-15 and then pay ZAR 11830 in full. Paying earlier would put the ZAR 13600 minimum balance at risk.
request_208,4413000,affordable_now,full_payment,2024-06-07:4413000,2024-06-07,none,Pay IDR 4413000 today. The 90-day forecast remains above the IDR 10470700 minimum balance. Projected minimum balance: IDR 10526146.41.
request_209,2188.23,not_affordable,not_recommended,none,,none,Do not proceed by the requested deadline. No eligible payment option keeps the ZAR 18400 minimum balance protected.
request_210,1077.16,affordable_with_plan,partial_payment,2026-04-06:1077.16|2026-04-15:282.86,2026-04-15,none,Pay USD 1077.16 today and USD 282.86 on 2026-04-15. The verified schedule keeps the USD 2000 minimum protected. Projected minimum balance: USD 2000.00.
request_211,433.39,affordable_later,wait,2024-10-15:1788.6,2024-10-15,none,Wait until 2024-10-15 and then pay EUR 1788.6 in full. Paying earlier would put the EUR 1500 minimum balance at risk.
request_212,0,not_affordable,not_recommended,none,,none,Do not proceed by the requested deadline. No eligible payment option keeps the IDR 29579800 minimum balance protected.
request_213,3362.4,affordable_with_plan,installments,2026-01-21:1165.63|2026-02-20:1165.63|2026-03-22:1165.63,2026-01-07,none,Use 3 installments of USD 1165.63 starting 2026-01-21. The verified schedule keeps the USD 2100 minimum protected. Financing cost is USD 134.49. Projected minimum balance: USD 4515.94.
request_214,69750,affordable_with_plan,installments,2024-12-04:36270|2025-01-01:36270,2024-12-04,none,Use 2 installments of INR 36270 starting 2024-12-04. The verified schedule keeps the INR 174900 minimum protected. Financing cost is INR 2790. Projected minimum balance: INR 218463.80.
request_215,29986,affordable_with_plan,installments,2025-05-09:10395.15|2025-06-06:10395.15|2025-07-04:10395.15,2025-05-06,none,Use 3 installments of ZAR 10395.15 starting 2025-05-09. The verified schedule keeps the ZAR 15700 minimum protected. Financing cost is ZAR 1199.45. Projected minimum balance: ZAR 39606.55.
request_216,699.29,affordable_later,wait,2026-09-15:3332.4,2026-09-15,none,Wait until 2026-09-15 and then pay USD 3332.4 in full. Paying earlier would put the USD 1800 minimum balance at risk.
request_217,22874.52,affordable_with_plan,installments,2024-03-19:12889.07|2024-04-19:12889.07|2024-05-20:12889.07,2024-03-15,none,Use 3 installments of ZAR 12889.07 starting 2024-03-19. The verified schedule keeps the ZAR 26800 minimum protected. Financing cost is ZAR 1487.21. Projected minimum balance: ZAR 49674.52.
request_218,27297450.66,affordable_with_plan,installments,2025-08-07:21195893.33|2025-09-04:21195893.33|2025-10-02:21195893.33,2025-09-15,none,Use 3 installments of IDR 21195893.33 starting 2025-08-07. The verified schedule keeps the IDR 34477200 minimum protected. Financing cost is IDR 2445679.99. Projected minimum balance: IDR 40578757.33.
request_219,0,not_affordable,not_recommended,none,,none,Do not proceed by the requested deadline. No eligible payment option keeps the EUR 1100 minimum balance protected.
request_220,208.08,not_affordable,not_recommended,none,,none,Do not proceed by the requested deadline. No eligible payment option keeps the EUR 1100 minimum balance protected.
request_221,109800,affordable_now,full_payment,2025-11-03:109800,2025-11-03,none,Pay INR 109800 today. The 90-day forecast remains above the INR 81500 minimum balance. Projected minimum balance: INR 108920.11.
request_222,34078,affordable_now,full_payment,2026-01-05:34078,2026-01-05,none,Pay ZAR 34078 today. The 90-day forecast remains above the ZAR 27300 minimum balance. Projected minimum balance: ZAR 43935.01.
request_223,898.7,affordable_now,full_payment,2024-09-07:898.7,2024-09-07,none,Pay EUR 898.7 today. The 90-day forecast remains above the EUR 800 minimum balance. Projected minimum balance: EUR 1049.95.
request_224,10327000,affordable_with_plan,installments,2025-02-04:5370040|2025-03-04:5370040,2025-02-04,none,Use 2 installments of IDR 5370040 starting 2025-02-04. The verified schedule keeps the IDR 22187600 minimum protected. Financing cost is IDR 413080. Projected minimum balance: IDR 29664230.27.
request_225,12021650.36,affordable_with_plan,installments,2026-07-20:7647120|2026-08-19:7647120|2026-09-18:7647120,2026-07-15,none,Use 3 installments of IDR 7647120 starting 2026-07-20. The verified schedule keeps the IDR 17670700 minimum protected. Financing cost is IDR 882360. Projected minimum balance: IDR 29692350.36.
request_226,157000,affordable_now,full_payment,2024-12-03:157000,2024-12-03,none,Pay INR 157000 today. The 90-day forecast remains above the INR 209400 minimum balance. Projected minimum balance: INR 270561.40.
request_227,12595.85,not_affordable,not_recommended,none,,none,Do not proceed by the requested deadline. No eligible payment option keeps the INR 62900 minimum balance protected.
request_228,0,not_affordable,not_recommended,none,,none,Do not proceed by the requested deadline. No eligible payment option keeps the IDR 26191200 minimum balance protected.
request_229,547.14,affordable_with_plan,installments,2024-03-18:529.29|2024-04-18:529.29|2024-05-19:529.29,2024-04-15,none,Use 3 installments of EUR 529.29 starting 2024-03-18. The verified schedule keeps the EUR 1000 minimum protected. Financing cost is EUR 61.07. Projected minimum balance: EUR 1547.14.
request_230,3537.6,affordable_now,full_payment,2025-08-06:3537.6,2025-08-06,none,Pay EUR 3537.6 today. The 90-day forecast remains above the EUR 2000 minimum balance. Projected minimum balance: EUR 3770.63.
request_231,35706,affordable_with_plan,installments,2026-01-06:12378.08|2026-02-05:12378.08|2026-03-07:12378.08,2026-01-03,none,Use 3 installments of ZAR 12378.08 starting 2026-01-06. The verified schedule keeps the ZAR 24300 minimum protected. Financing cost is ZAR 1428.24. Projected minimum balance: ZAR 49166.54.
request_232,0,not_affordable,not_recommended,none,,none,Do not proceed by the requested deadline. No eligible payment option keeps the EUR 2400 minimum balance protected.
request_233,0,not_affordable,not_recommended,none,,none,Do not proceed by the requested deadline. No eligible payment option keeps the IDR 10365700 minimum balance protected.
request_234,318.66,affordable_later,wait,2026-08-15:1213.3,2026-08-15,none,Wait until 2026-08-15 and then pay EUR 1213.3 in full. Paying earlier would put the EUR 700 minimum balance at risk.
request_235,967.2,affordable_now,full_payment,2024-09-06:967.2,2024-09-06,none,Pay USD 967.2 today. The 90-day forecast remains above the USD 700 minimum balance. Projected minimum balance: USD 946.98.
request_236,6842131.84,not_affordable,not_recommended,none,,none,Do not proceed by the requested deadline. No eligible payment option keeps the IDR 16768600 minimum balance protected.
request_237,23826000,affordable_now,full_payment,2026-04-05:23826000,2026-04-05,none,Pay IDR 23826000 today. The 90-day forecast remains above the IDR 22431500 minimum balance. Projected minimum balance: IDR 39828505.66.
request_238,663.6,affordable_with_plan,installments,2024-12-07:230.05|2025-01-07:230.05|2025-02-07:230.05,2024-12-07,none,Use 3 installments of USD 230.05 starting 2024-12-07. The verified schedule keeps the USD 700 minimum protected. Financing cost is USD 26.55. Projected minimum balance: USD 1551.27.
request_239,376.34,not_affordable,not_recommended,none,,none,Do not proceed by the requested deadline. No eligible payment option keeps the USD 600 minimum balance protected.
request_240,0,not_affordable,not_recommended,none,,none,Do not proceed by the requested deadline. No eligible payment option keeps the INR 52800 minimum balance protected.
request_241,21052000,affordable_with_plan,installments,2024-03-17:7298026.67|2024-04-17:7298026.67|2024-05-18:7298026.67,2024-03-03,none,Use 3 installments of IDR 7298026.67 starting 2024-03-17. The verified schedule keeps the IDR 19252000 minimum protected. Financing cost is IDR 842080.01. Projected minimum balance: IDR 34603350.37.
request_242,0,not_affordable,not_recommended,none,,none,Do not proceed by the requested deadline. No eligible payment option keeps the EUR 600 minimum balance protected.
request_243,17468,affordable_now,full_payment,2026-07-07:17468,2026-07-07,none,Pay ZAR 17468 today. The 90-day forecast remains above the ZAR 19900 minimum balance. Projected minimum balance: ZAR 24482.64.
request_244,48127.58,not_affordable,not_recommended,none,,none,Do not proceed by the requested deadline. No eligible payment option keeps the ZAR 45900 minimum balance protected.
request_245,39305.57,affordable_later,wait,2025-12-15:128500,2025-12-15,none,Wait until 2025-12-15 and then pay INR 128500 in full. Paying earlier would put the INR 94600 minimum balance at risk.
request_246,64086,affordable_with_plan,installments,2026-04-03:22216.48|2026-05-03:22216.48|2026-06-02:22216.48,2026-04-03,none,Use 3 installments of ZAR 22216.48 starting 2026-04-03. The verified schedule keeps the ZAR 39300 minimum protected. Financing cost is ZAR 2563.44. Projected minimum balance: ZAR 69213.95.
request_247,1059.3,affordable_now,full_payment,2024-09-05:1059.3,2024-09-05,none,Pay EUR 1059.3 today. The 90-day forecast remains above the EUR 1300 minimum balance. Projected minimum balance: EUR 1594.39.
request_248,1017.09,not_affordable,not_recommended,none,,none,Do not proceed by the requested deadline. No eligible payment option keeps the USD 1300 minimum balance protected.
request_249,206.88,not_affordable,not_recommended,none,,none,Do not proceed by the requested deadline. No eligible payment option keeps the USD 600 minimum balance protected.
request_250,17404.9,not_affordable,not_recommended,none,,none,Do not proceed by the requested deadline. No eligible payment option keeps the ZAR 35300 minimum balance protected.
request_251,1455.34,not_affordable,not_recommended,none,,none,Do not proceed by the requested deadline. No eligible payment option keeps the EUR 1300 minimum balance protected.
request_252,6643701.89,affordable_later,wait,2026-08-15:28082000,2026-08-15,none,Wait until 2026-08-15 and then pay IDR 28082000 in full. Paying earlier would put the IDR 15152200 minimum balance at risk.
request_253,1627.16,affordable_with_plan,installments,2024-03-21:984.6|2024-04-21:984.6|2024-05-22:984.6,2024-03-15,none,Use 3 installments of EUR 984.6 starting 2024-03-21. The verified schedule keeps the EUR 2300 minimum protected. Financing cost is EUR 113.6. Projected minimum balance: EUR 3927.16.
request_254,807.25,affordable_later,wait,2025-09-15:3535.2,2025-09-15,none,Wait until 2025-09-15 and then pay USD 3535.2 in full. Paying earlier would put the USD 2500 minimum balance at risk.
request_255,3345000,affordable_now,full_payment,2026-04-06:3345000,2026-04-06,none,Pay IDR 3345000 today. The 90-day forecast remains above the IDR 9813900 minimum balance. Projected minimum balance: IDR 17483878.00.
request_256,0,not_affordable,not_recommended,none,,none,Do not proceed by the requested deadline. No eligible payment option keeps the INR 168600 minimum balance protected.
request_257,634.07,affordable_later,wait,2025-11-15:1352.4,2025-11-15,none,Wait until 2025-11-15 and then pay USD 1352.4 in full. Paying earlier would put the USD 1600 minimum balance at risk.
request_258,1113.6,affordable_now,full_payment,2026-01-07:1113.6,2026-01-07,none,Pay USD 1113.6 today. The 90-day forecast remains above the USD 500 minimum balance. Projected minimum balance: USD 1321.38.
request_259,242.0,affordable_later,wait,2024-10-15:935,2024-10-15,none,Wait until 2024-10-15 and then pay EUR 935 in full. Paying earlier would put the EUR 600 minimum balance at risk.
request_260,9757646.09,affordable_with_plan,partial_payment,2025-02-06:9757646.09|2025-04-15:42321353.91,2025-04-15,none,Pay IDR 9757646.09 today and IDR 42321353.91 on 2025-04-15. The verified schedule keeps the IDR 20727700 minimum protected. Projected minimum balance: IDR 20727700.00.
request_261,1830.4,affordable_now,full_payment,2026-07-03:1830.4,2026-07-03,none,Pay EUR 1830.4 today. The 90-day forecast remains above the EUR 1500 minimum balance. Projected minimum balance: EUR 2007.60.
request_262,9236000,affordable_now,full_payment,2024-12-05:9236000,2024-12-05,none,Pay IDR 9236000 today. The 90-day forecast remains above the IDR 31018500 minimum balance. Projected minimum balance: IDR 62695880.24.
request_263,9153.93,not_affordable,not_recommended,none,2025-07-15,none,Do not proceed by the requested deadline. No eligible payment option keeps the ZAR 24100 minimum balance protected.
request_264,26798.22,affordable_later,wait,2026-05-15:111300,2026-05-15,none,Wait until 2026-05-15 and then pay INR 111300 in full. Paying earlier would put the INR 59500 minimum balance at risk.
request_265,45970,affordable_now,full_payment,2024-03-06:45970,2024-03-06,none,Pay INR 45970 today. The 90-day forecast remains above the INR 189700 minimum balance. Projected minimum balance: INR 390388.10.
request_266,821.04,affordable_with_plan,installments,2025-08-03:324.13|2025-08-31:324.13|2025-09-28:324.13,2025-08-15,none,Use 3 installments of EUR 324.13 starting 2025-08-03. The verified schedule keeps the EUR 900 minimum protected. Financing cost is EUR 37.39. Projected minimum balance: EUR 1396.91.
request_267,1637.18,affordable_with_plan,installments,2026-01-08:667.33|2026-02-07:667.33|2026-03-09:667.33,2026-02-15,stop:event_24573,Use 3 installments of EUR 667.33 starting 2026-01-08. The verified schedule keeps the EUR 1500 minimum protected. Financing cost is EUR 76.99. Required spending changes: stop:event_24573. Projected minimum balance: EUR 1652.05.
request_268,1134.52,affordable_with_plan,installments,2024-06-14:841.22|2024-07-15:841.22|2024-08-15:841.22,2024-07-15,none,Use 3 installments of EUR 841.22 starting 2024-06-14. The verified schedule keeps the EUR 1400 minimum protected. Financing cost is EUR 97.06. Projected minimum balance: EUR 1693.30.
request_269,0,not_affordable,not_recommended,none,,none,Do not proceed by the requested deadline. No eligible payment option keeps the ZAR 23100 minimum balance protected.
request_270,224.93,not_affordable,not_recommended,none,,none,Do not proceed by the requested deadline. No eligible payment option keeps the USD 1400 minimum balance protected.
request_271,19553.86,affordable_later,wait,2024-11-15:91300,2024-11-15,none,Wait until 2024-11-15 and then pay INR 91300 in full. Paying earlier would put the INR 58200 minimum balance at risk.
request_272,6048515.78,affordable_with_plan,installments,2025-02-12:4709466.67|2025-03-12:4709466.67|2025-04-09:4709466.67,2025-02-15,none,Use 3 installments of IDR 4709466.67 starting 2025-02-12. The verified schedule keeps the IDR 7508600 minimum protected. Financing cost is IDR 543400.01. Projected minimum balance: IDR 8847649.11.
request_273,10743745.89,affordable_with_plan,partial_payment,2026-04-07:10743745.89|2026-04-15:5117254.11,2026-04-15,none,Pay IDR 10743745.89 today and IDR 5117254.11 on 2026-04-15. The verified schedule keeps the IDR 18774600 minimum protected. Projected minimum balance: IDR 18774600.00.
request_274,2567.40,affordable_with_plan,installments,2024-12-04:940.75|2025-01-04:940.75|2025-02-04:940.75,2024-12-15,none,Use 3 installments of EUR 940.75 starting 2024-12-04. The verified schedule keeps the EUR 1800 minimum protected. Financing cost is EUR 108.55. Projected minimum balance: EUR 3426.65.
request_275,15884000,affordable_now,full_payment,2025-05-06:15884000,2025-05-06,none,Pay IDR 15884000 today. The 90-day forecast remains above the IDR 12760100 minimum balance. Projected minimum balance: IDR 15950646.26.
